Domain,Status,Attractiveness,Demand,Length,Sectors,Created,Expires,Registrar
one.forum,available,132,43%,3,"Business,General,Media,Technology",,,
brief.forum,available,124,19%,5,"Business,Education,General,Law",,,
second.forum,available,120,23%,6,"General,Mathematics",,,
complete.forum,available,120,21%,8,"Manufacturing,Retail,Technology",,,
wizard.forum,available,118,42%,6,"Entertainment,Media,Technology",,,
equal.forum,available,116,19%,5,"Education,General,Law",,,
flat.forum,available,116,23%,4,"Construction,Real Estate",,,
tenth.forum,available,116,7%,5,Mathematics,,,
tonic.forum,available,114,22%,5,"Health and Fitness,Medicine,Science",,,
zero.forum,available,112,49%,4,Mathematics,,,
above.forum,available,112,22%,5,Business,,,
hotshot.forum,available,112,14%,7,"Business,Entertainment,Sports",,,
acute.forum,available,112,9%,5,"Mathematics,Medicine,Science",,,
abiding.forum,available,106,5%,7,"General,Religion",,,
expert.forum,available,104,26%,6,"Business,Education,Technology",,,
active.forum,available,104,27%,6,"Health and Fitness,Sports,Travel",,,
teen.forum,available,104,14%,4,"Education,Entertainment,Healthcare",,,
absent.forum,available,102,8%,6,"Business,Education,Technology",,,
extra.forum,available,102,26%,5,"Fashion,Retail,Technology",,,
captive.forum,available,102,14%,7,"Entertainment,Hospitality,Technology",,,
eight.forum,available,102,23%,5,"General,Mathematics",,,
remove.forum,available,100,13%,6,"Construction,Manufacturing,Technology",,,
abrupt.forum,available,100,3%,6,"Medicine,Science",,,
eighth.forum,available,100,6%,6,Mathematics,,,
sixth.forum,available,100,8%,5,Mathematics,,,
third.forum,available,100,15%,5,Mathematics,,,
crack.forum,available,100,20%,5,Sports,,,
whiz.forum,available,100,12%,4,"Business,Education,Technology",,,
ninth.forum,available,100,9%,5,Mathematics,,,
adjunct.forum,available,100,5%,7,Education,,,
genius.forum,available,98,46%,6,"Arts,Education,Technology",,,
whizz.forum,available,98,11%,5,"Business,Education,Technology",,,
academic.forum,resell,96,20%,8,"Education,Humanities,Science",20/07/2024 14:31,20/07/2026 14:31,NAMECHEAP
doable.forum,available,96,9%,6,"Business,Education,Technology",,,
alamode.forum,available,96,12%,9,Fashion,,,
forgiving.forum,available,96,3%,9,"Healthcare,Religion",,,
actual.forum,available,96,22%,6,"Real Estate,Retail,Technology",,,
adequate.forum,available,94,9%,8,"Education,Healthcare,Technology",,,
about.forum,available,94,28%,5,"Business,General,Media,Technology",,,
around.forum,available,94,22%,6,"Business,General,Media,Technology",,,
virtuoso.forum,available,94,16%,8,"Arts,Entertainment",,,
abject.forum,available,94,7%,6,Humanities,,,
adept.forum,available,92,24%,5,"Education,Health and Fitness,Sports",,,
next.forum,available,92,43%,4,"Retail,Technology,Transportation",,,
derelict.forum,available,92,7%,8,"Construction,Real Estate",,,
abroad.forum,available,92,12%,6,"Hospitality,Travel",,,
neutral.forum,available,92,20%,7,"Business,Media,Politics",,,
twentieth.forum,available,92,3%,9,Mathematics,,,
nought.forum,available,92,4%,6,Mathematics,,,
exemplary.forum,available,92,5%,9,"Business,Education,Healthcare",,,
adjective.forum,available,92,5%,9,Education,,,
clear.forum,available,90,47%,5,"Manufacturing,Retail,Technology",,,
endearing.forum,available,90,1%,9,"Entertainment,Fashion,Retail",,,
additional.forum,available,90,8%,10,"Fashion,Retail,Technology",,,
gripping.forum,available,90,3%,8,"Entertainment,Media,Technology",,,
addictive.forum,available,90,9%,9,Healthcare,,,
adoring.forum,available,90,2%,7,"Entertainment,Fashion,Retail",,,
abortive.forum,available,90,1%,8,"Medicine,Science",,,
leash.forum,available,90,7%,5,"General,Health and Fitness,Retail",,,
riveting.forum,available,90,6%,8,"Entertainment,Media,Technology",,,
hundred.forum,available,88,13%,7,Mathematics,,,
adlib.forum,available,88,7%,6,Entertainment,,,
wide.forum,available,88,18%,4,"Business,Media,Technology",,,
activist.forum,available,88,12%,8,"Humanities,Politics",,,
fifteen.forum,available,88,13%,7,Mathematics,,,
three.forum,available,88,23%,5,Mathematics,,,
ace.forum,available,88,34%,3,Sports,,,
sixteen.forum,available,88,10%,7,Mathematics,,,
ten.forum,available,88,27%,3,"General,Mathematics",,,
actionable.forum,available,88,13%,10,"Business,Law",,,
eleven.forum,available,88,32%,6,Mathematics,,,
proficient.forum,available,88,8%,10,"Education,Health and Fitness,Sports",,,
twelve.forum,available,88,18%,6,"General,Mathematics",,,
cipher.forum,available,86,29%,6,Mathematics,,,
recondite.forum,available,86,4%,9,"Arts,Humanities,Science",,,
xix.forum,available,86,10%,3,Mathematics,,,
adolescent.forum,available,86,3%,10,"Education,Entertainment,Healthcare",,,
attendant.forum,available,86,5%,9,"Healthcare,Hospitality,Transportation",,,
aboriginal.forum,available,86,10%,10,Humanities,,,
extempore.forum,available,86,3%,9,Entertainment,,,
star.forum,available,86,40%,4,"Entertainment,Media,Sports",,,
xiv.forum,available,86,12%,3,Mathematics,,,
engrossing.forum,available,86,0%,10,"Entertainment,Media,Technology",,,
sharp.forum,available,84,34%,5,"Arts,Fashion",,,
acting.forum,available,84,12%,6,Entertainment,,,
deviate.forum,available,84,12%,7,"Medicine,Science",,,
accessory.forum,available,84,8%,9,"Fashion,Retail,Technology",,,
nineteen.forum,available,84,8%,8,Mathematics,,,
grand.forum,available,84,25%,5,"Finance,General",,,
twentytwo.forum,available,84,10%,10,Mathematics,,,
seventeen.forum,available,84,7%,9,Mathematics,,,
thousand.forum,available,84,8%,8,Mathematics,,,
fourteen.forum,available,84,8%,8,Mathematics,,,
twentyone.forum,available,84,13%,10,Mathematics,,,
adjustable.forum,available,84,3%,10,"Manufacturing,Retail,Technology",,,
thirteen.forum,available,84,10%,8,Mathematics,,,
abkhaz.forum,available,82,1%,6,Geography,,,
decade.forum,available,82,10%,6,Mathematics,,,
abenaki.forum,available,82,2%,7,Geography,,,
abroach.forum,available,82,1%,7,Food and Beverage,,,
enduring.forum,available,82,9%,8,"Health and Fitness,Religion",,,
cleansing.forum,available,82,3%,9,Health and Fitness,,,
impromptu.forum,available,82,16%,9,Entertainment,,,
abdominal.forum,available,82,1%,9,"Health and Fitness,Medicine",,,
fivesome.forum,available,82,1%,8,Sports,,,
altered.forum,available,82,9%,7,"Medicine,Science",,,
good.forum,available,82,47%,4,"Food and Beverage,General,Health and Fitness,Retail",,,
dozen.forum,available,82,10%,5,Mathematics,,,
absorbent.forum,available,82,3%,9,"Healthcare,Manufacturing,Retail",,,
able.forum,available,80,29%,4,"Business,Education,General,Technology",,,
some.forum,available,80,32%,4,"Business,Media,Retail",,,
absolute.forum,available,80,25%,8,"Engineering,Mathematics,Science",,,
abundant.forum,available,80,19%,8,"Agriculture,Manufacturing,Retail",,,
nine.forum,available,80,24%,4,"General,Mathematics",,,
superstar.forum,available,80,18%,9,Entertainment,,,
dorsal.forum,available,80,6%,6,"Medicine,Science",,,
seventh.forum,available,80,10%,7,Mathematics,,,
absurd.forum,available,80,16%,6,"Arts,Entertainment,Media",,,
yard.forum,available,80,25%,4,"Construction,General",,,
two.forum,available,80,23%,3,Mathematics,,,
worshipful.forum,available,80,1%,10,"Education,Healthcare,Religion",,,
forty.forum,available,80,9%,5,Mathematics,,,
trio.forum,available,80,21%,4,Entertainment,,,
wiz.forum,available,80,30%,3,"Business,Education,Technology",,,
sequent.forum,available,80,7%,7,"Healthcare,Insurance,Transportation",,,
twenty.forum,available,80,12%,6,Mathematics,,,
adoptable.forum,available,80,3%,9,"Education,Healthcare",,,
absorbable.forum,available,80,0%,10,"Healthcare,Pharmaceuticals,Science",,,
capable.forum,available,80,12%,7,"Business,Education,Technology",,,
first.forum,available,80,34%,5,"General,Mathematics",,,
athletic.forum,available,78,15%,8,"Health and Fitness,Sports",,,
dormant.forum,available,78,4%,7,"Medicine,Science",,,
adjacent.forum,available,78,9%,8,"Construction,Real Estate,Retail",,,
adorable.forum,available,78,8%,8,"Entertainment,Fashion,Retail",,,
acceptant.forum,available,78,1%,9,"Education,Healthcare",,,
adrenal.forum,available,78,4%,7,"Education,Healthcare,Science",,,
twentysix.forum,available,78,8%,10,Mathematics,,,
accepted.forum,available,78,6%,8,"Business,Education,Technology",,,
accidental.forum,available,78,11%,10,"Healthcare,Insurance,Transportation",,,
recognised.forum,available,78,3%,10,"Business,Education,Technology",,,
honestly.forum,available,78,9%,8,"Business,Law",,,
sixtynine.forum,available,78,8%,10,Mathematics,,,
abkhazian.forum,available,78,1%,9,Geography,,,
abounding.forum,available,78,2%,9,Agriculture,,,
accessible.forum,available,78,21%,10,"Healthcare,Retail,Technology",,,
low.forum,available,78,20%,3,"Business,Finance",,,
recognized.forum,available,78,3%,10,"Business,Education,Technology",,,
acceptable.forum,available,78,5%,10,"Business,Hospitality,Retail",,,
accurate.forum,available,78,16%,8,"Engineering,Mathematics,Science",,,
abkhasian.forum,available,78,1%,9,Geography,,,
absorptive.forum,available,78,1%,10,"Healthcare,Manufacturing,Retail",,,
fifteenth.forum,available,76,2%,9,Mathematics,,,
addable.forum,available,76,2%,7,"Engineering,Mathematics,Science",,,
firstrate.forum,available,76,6%,10,Business,,,
thirteenth.forum,available,76,3%,10,Mathematics,,,
adaptable.forum,available,76,9%,9,"Business,Education,Technology",,,
adhesive.forum,available,76,7%,8,"Construction,Manufacturing,Technology",,,
ague.forum,available,76,2%,4,"Geography,Medicine,Science",,,
adipose.forum,available,76,2%,7,"Healthcare,Science",,,
adaptive.forum,available,76,28%,8,"Business,Education,Technology",,,
hundredth.forum,available,76,1%,9,Mathematics,,,
obscene.forum,available,76,5%,7,"Entertainment,Media",,,
threed.forum,available,76,7%,7,Technology,,,
thousandth.forum,available,76,1%,10,Mathematics,,,
ancillary.forum,available,76,6%,9,"Healthcare,Manufacturing,Technology",,,
eighteen.forum,available,76,7%,8,Mathematics,,,
acoustic.forum,available,76,14%,8,Science,,,
fourteenth.forum,available,76,2%,10,Mathematics,,,
incidental.forum,available,76,4%,10,"Healthcare,Insurance,Transportation",,,
auxiliary.forum,available,76,7%,9,"Healthcare,Manufacturing,Technology",,,
nineteenth.forum,available,76,3%,10,Mathematics,,,
abrasive.forum,available,76,6%,8,"Construction,Manufacturing",,,
resultant.forum,available,76,2%,9,"Healthcare,Insurance,Transportation",,,
improvise.forum,available,76,4%,9,Entertainment,,,
energizing.forum,available,76,3%,10,"Food and Beverage,Health and Fitness,Travel",,,
ventral.forum,available,76,3%,7,Science,,,
diamond.forum,available,76,32%,7,Fashion,,,
adherent.forum,available,76,4%,8,"Politics,Religion",,,
adapted.forum,available,74,6%,7,"Healthcare,Manufacturing,Technology",,,
supra.forum,available,74,25%,5,"Medicine,Science",,,
skilful.forum,available,74,3%,7,"Education,Health and Fitness,Sports",,,
abnormal.forum,available,74,16%,8,"Medicine,Science",,,
realizable.forum,available,74,1%,10,"Business,Education,Technology",,,
cleared.forum,available,74,7%,7,"Healthcare,Law,Transportation",,,
admirable.forum,available,74,5%,9,"Business,Education,Healthcare",,,
broad.forum,available,74,13%,5,"Entertainment,General,Media",,,
activated.forum,available,74,9%,9,"Healthcare,Manufacturing,Technology",,,
sensation.forum,available,74,7%,9,"Entertainment,Media,Sports",,,
aberrant.forum,available,74,6%,8,"Medicine,Science",,,
acuate.forum,available,74,2%,6,"Engineering,Medicine,Science",,,
accepting.forum,available,74,3%,9,"Education,Healthcare",,,
adenoid.forum,available,74,1%,7,"Health and Fitness,Medicine,Science",,,
adrenergic.forum,available,74,1%,10,"Education,Healthcare,Science",,,
adamant.forum,available,74,14%,7,Religion,,,
mavin.forum,available,74,7%,5,"Entertainment,Fashion,Technology",,,
playing.forum,available,74,12%,7,Entertainment,,,
manageable.forum,available,74,4%,10,"Business,Education,Technology",,,
achievable.forum,available,74,4%,10,"Business,Education,Technology",,,
trey.forum,available,72,13%,4,Sports,,,
abreast.forum,available,72,2%,7,"Business,Technology",,,
adonic.forum,available,72,2%,6,"Arts,Education,Entertainment",,,
accustomed.forum,available,72,1%,10,"Business,Education,Humanities",,,
deep.forum,available,72,41%,4,"Engineering,Mathematics,Science",,,
addicted.forum,available,72,9%,8,Healthcare,,,
adiabatic.forum,available,72,3%,9,"Engineering,Science",,,
abloom.forum,available,72,5%,6,Agriculture,,,
ablaze.forum,available,72,6%,6,Entertainment,,,
adaptative.forum,available,72,1%,10,"Business,Education,Technology",,,
liv.forum,available,72,28%,3,Mathematics,,,
engrossed.forum,available,72,1%,9,"Entertainment,Media,Technology",,,
ternary.forum,available,72,7%,7,Mathematics,,,
sixtieth.forum,available,72,1%,8,Mathematics,,,
lovely.forum,available,72,26%,6,"Entertainment,Fashion,Retail",,,
accusative.forum,available,72,0%,10,"Humanities,Law",,,
absorbed.forum,available,72,2%,8,"Entertainment,Media,Technology",,,
adjunctive.forum,available,72,1%,10,"Healthcare,Manufacturing,Technology",,,
improvize.forum,available,72,1%,9,Entertainment,,,
seventieth.forum,available,72,1%,10,Mathematics,,,
eightieth.forum,available,72,1%,9,Mathematics,,,
champion.forum,available,72,28%,8,"Entertainment,Health and Fitness,Sports",,,
adjectival.forum,available,72,1%,10,Education,,,
aching.forum,available,72,4%,6,Healthcare,,,
existent.forum,available,72,3%,8,"Mathematics,Science",,,
absolutist.forum,available,72,1%,10,"Humanities,Law,Politics",,,
ninetieth.forum,available,72,1%,9,Mathematics,,,
trinity.forum,available,72,18%,7,Religion,,,
adored.forum,available,70,6%,6,"Entertainment,Fashion,Retail",,,
adamantine.forum,available,70,4%,10,Religion,,,
lowdown.forum,available,70,6%,8,"Entertainment,Media",,,
admired.forum,available,70,5%,7,"Business,Education,Healthcare",,,
recumbent.forum,available,70,2%,9,"Healthcare,Medicine,Science",,,
abulic.forum,available,70,1%,6,Medicine,,,
adjusted.forum,available,70,5%,8,"Manufacturing,Retail,Technology",,,
unity.forum,available,70,38%,5,Mathematics,,,
abradant.forum,available,70,1%,8,"Construction,Manufacturing",,,
absorbing.forum,available,70,3%,9,"Entertainment,Media,Technology",,,
acuminate.forum,available,70,1%,9,"Engineering,Medicine,Science",,,
stillborn.forum,available,70,2%,9,"Medicine,Science",,,
offhand.forum,available,70,2%,7,Entertainment,,,
accumbent.forum,available,70,1%,9,"Healthcare,Medicine,Science",,,
gymnastic.forum,available,70,3%,9,"Entertainment,Sports",,,
practiced.forum,available,70,3%,9,"Education,Health and Fitness,Sports",,,
tiptop.forum,available,70,24%,6,Fashion,,,
miserable.forum,available,70,4%,9,Humanities,,,
consequent.forum,available,70,3%,10,"Business,Education,General,Technology",,,
skillful.forum,available,70,9%,8,"Education,Health and Fitness,Sports",,,
accredited.forum,available,68,9%,10,"Business,Education,Healthcare",,,
overseas.forum,available,68,12%,8,"Hospitality,Travel",,,
decorated.forum,available,68,3%,9,"Entertainment,Fashion,Retail",,,
thirtieth.forum,available,68,1%,9,Mathematics,,,
activating.forum,available,68,3%,10,"Healthcare,Manufacturing,Technology",,,
septenary.forum,available,68,2%,9,Mathematics,,,
ennead.forum,available,68,5%,6,Mathematics,,,
disciple.forum,available,68,14%,8,"Education,Religion",,,
threesome.forum,available,68,5%,9,Entertainment,,,
stygian.forum,available,68,5%,7,Humanities,,,
foursome.forum,available,68,4%,8,Sports,,,
ane.forum,available,68,12%,3,Mathematics,,,
aroused.forum,available,68,3%,7,"Entertainment,Health and Fitness",,,
fiftieth.forum,available,68,1%,8,Mathematics,,,
licenced.forum,available,68,2%,8,"Business,Healthcare,Insurance",,,
abkhas.forum,available,68,0%,6,Geography,,,
aberdonian.forum,available,68,1%,10,Geography,,,
fortieth.forum,available,68,1%,8,Mathematics,,,
sevener.forum,available,68,1%,7,Mathematics,,,
scurvy.forum,available,68,3%,6,Humanities,,,
abnaki.forum,available,68,1%,6,Geography,,,
ablative.forum,available,68,3%,8,Science,,,
acerate.forum,available,68,1%,7,Science,,,
octonary.forum,available,68,1%,8,Mathematics,,,
aculeate.forum,available,68,1%,8,"Engineering,Medicine,Science",,,
achaian.forum,available,68,2%,7,Humanities,,,
licensed.forum,available,68,5%,8,"Business,Healthcare,Insurance",,,
achaean.forum,available,68,2%,7,Humanities,,,
vindicated.forum,available,68,2%,10,"Humanities,Law,Politics",,,
abducent.forum,available,68,0%,8,Medicine,,,
clv.forum,available,66,10%,3,Mathematics,,,
xxv.forum,available,66,6%,3,Mathematics,,,
modish.forum,available,66,5%,6,Fashion,,,
teenager.forum,available,66,4%,8,"Education,Entertainment,Healthcare",,,
abstinent.forum,available,66,1%,9,"Health and Fitness,Religion",,,
adorned.forum,available,66,5%,7,"Entertainment,Fashion,Retail",,,
eighty.forum,available,66,6%,6,Mathematics,,,
onec.forum,available,66,6%,5,Mathematics,,,
six.forum,available,66,26%,3,Mathematics,,,
four.forum,available,66,27%,4,Mathematics,,,
sextet.forum,available,66,2%,6,Entertainment,,,
performing.forum,available,66,6%,10,Entertainment,,,
xviii.forum,available,66,4%,5,Mathematics,,,
century.forum,available,66,17%,7,Education,,,
acervate.forum,available,66,1%,8,Science,,,
acrobatic.forum,available,66,4%,9,"Entertainment,Sports",,,
five.forum,available,66,26%,4,Mathematics,,,
xxii.forum,available,66,6%,4,Mathematics,,,
adopted.forum,available,66,4%,7,"Education,Healthcare",,,
tenner.forum,available,66,4%,6,Finance,,,
buzzing.forum,available,66,7%,7,"Entertainment,Media,Technology",,,
according.forum,available,66,3%,9,"Business,Education,Technology",,,
latest.forum,available,66,18%,6,Technology,,,
xvi.forum,available,66,4%,3,Mathematics,,,
xxvi.forum,available,66,3%,4,Mathematics,,,
fifty.forum,available,66,13%,5,Mathematics,,,
xvii.forum,available,66,5%,4,Mathematics,,,
ninety.forum,available,66,11%,6,Mathematics,,,
exonerated.forum,available,66,2%,10,"Humanities,Law,Politics",,,
xiii.forum,available,66,9%,4,Mathematics,,,
xii.forum,available,66,10%,3,Mathematics,,,
deuce.forum,available,66,8%,5,Sports,,,
accessary.forum,available,66,1%,9,"Business,Law,Technology",,,
xxi.forum,available,66,10%,3,Mathematics,,,
thirty.forum,available,66,7%,6,Mathematics,,,
acappella.forum,available,66,6%,10,Entertainment,,,
maven.forum,available,66,30%,5,"Entertainment,Fashion,Technology",,,
absolved.forum,available,64,1%,8,"Humanities,Law,Religion",,,
deviant.forum,available,64,12%,7,"Medicine,Science",,,
ccc.forum,available,64,38%,3,Mathematics,,,
acentric.forum,available,64,2%,8,Science,,,
accordant.forum,available,64,3%,9,"Arts,Entertainment",,,
astringent.forum,available,64,1%,10,"Healthcare,Pharmaceuticals",,,
rising.forum,available,64,18%,6,"Construction,Manufacturing,Real Estate",,,
adagio.forum,available,64,14%,6,Entertainment,,,
nondrinker.forum,available,64,1%,10,"Health and Fitness,Religion",,,
scatty.forum,available,64,1%,6,"Arts,Entertainment,Media",,,
aflame.forum,available,64,3%,6,Entertainment,,,
accrued.forum,available,62,2%,7,"Banking,Finance,Insurance",,,
nail.forum,available,62,16%,4,"Construction,Fashion,General,Retail",,,
aufait.forum,available,62,3%,7,"Fashion,Media",,,
eighteenth.forum,available,62,1%,10,Mathematics,,,
activistic.forum,available,62,1%,10,"Humanities,Politics",,,
longdozen.forum,available,62,1%,10,Mathematics,,,
adoptive.forum,available,62,1%,8,"Education,Healthcare",,,
accusing.forum,available,62,1%,8,Law,,,
troika.forum,available,62,8%,6,Politics,,,
roughly.forum,available,62,3%,7,"Business,Media,Technology",,,
playacting.forum,available,62,1%,10,Entertainment,,,
twodozen.forum,available,62,1%,9,Mathematics,,,
sixteenth.forum,available,62,1%,9,Mathematics,,,
acidic.forum,available,62,5%,6,"Food and Beverage,Science",,,
abo.forum,available,62,15%,3,Science,,,
fortyfour.forum,available,62,6%,10,Mathematics,,,
ensuant.forum,available,62,1%,7,"Healthcare,Insurance,Transportation",,,
adjuvant.forum,available,62,5%,8,"Healthcare,Manufacturing,Technology",,,
activation.forum,available,62,16%,10,"Healthcare,Manufacturing,Technology",,,
pungent.forum,available,62,1%,7,Food and Beverage,,,
aborigine.forum,available,62,1%,9,Humanities,,,
wrapped.forum,available,62,13%,7,"Fashion,Hospitality,Retail",,,
admissible.forum,available,62,1%,10,"Education,Healthcare,Law",,,
cumulative.forum,available,62,2%,10,"Banking,Finance,Insurance",,,
quartet.forum,available,62,7%,7,"Arts,Entertainment",,,
chiliad.forum,available,62,2%,7,Mathematics,,,
orso.forum,available,62,9%,5,"Business,Media,Technology",,,
exculpated.forum,available,62,1%,10,"Humanities,Law,Politics",,,
eleventh.forum,available,62,5%,8,Mathematics,,,
clxv.forum,available,60,1%,4,Mathematics,,,
adnate.forum,available,60,1%,6,"Agriculture,Manufacturing,Retail",,,
tertiary.forum,available,60,4%,8,Education,,,
cxv.forum,available,60,4%,3,Mathematics,,,
clx.forum,available,60,8%,3,Mathematics,,,
acceptive.forum,available,60,1%,9,"Education,Healthcare",,,
clxxv.forum,available,60,1%,5,Mathematics,,,
abashed.forum,available,60,1%,7,Humanities,,,
cxxv.forum,available,60,1%,4,Mathematics,,,
adnexal.forum,available,60,1%,7,"Agriculture,Manufacturing,Retail",,,
aboveboard.forum,available,60,5%,10,"Business,Law",,,
octet.forum,available,60,12%,5,Arts,,,
annexal.forum,available,60,1%,7,"Agriculture,Manufacturing,Retail",,,
thou.forum,available,60,7%,4,Mathematics,,,
cxlv.forum,available,60,2%,4,Mathematics,,,
sixty.forum,available,60,13%,5,Mathematics,,,
clxxx.forum,available,60,1%,5,Mathematics,,,
abstainer.forum,available,60,0%,9,"Health and Fitness,Religion",,,
abstemious.forum,available,60,0%,10,"Food and Beverage,Health and Fitness,Hospitality",,,
paunchy.forum,available,60,0%,7,"Health and Fitness,Medicine",,,
xcl.forum,available,60,5%,3,Mathematics,,,
cxxx.forum,available,60,3%,4,Mathematics,,,
cxx.forum,available,60,9%,3,Mathematics,,,
eightysix.forum,available,60,7%,10,Mathematics,,,
idolized.forum,available,60,3%,8,"Entertainment,Fashion,Retail",,,
cautionary.forum,available,60,1%,10,"Business,Education,Healthcare",,,
idolised.forum,available,60,1%,8,"Entertainment,Fashion,Retail",,,
clxx.forum,available,60,2%,4,Mathematics,,,
cxl.forum,available,60,7%,3,Mathematics,,,
cxxxv.forum,available,60,1%,5,Mathematics,,,
tercet.forum,available,59,2%,6,"Arts,Entertainment,Media",,,
justabout.forum,available,58,3%,10,"Business,Media,Technology",,,
accoutred.forum,available,58,1%,9,"Fashion,Manufacturing,Retail",,,
abused.forum,available,58,5%,6,"Healthcare,Law",,,
closeto.forum,available,58,3%,8,"Business,Media,Technology",,,
sixtyone.forum,available,58,5%,9,Mathematics,,,
pentad.forum,available,58,3%,6,Mathematics,,,
addible.forum,available,58,2%,7,"Engineering,Mathematics,Science",,,
acetic.forum,available,58,1%,6,"Food and Beverage,Science",,,
accretive.forum,available,58,6%,9,"Banking,Finance,Insurance",,,
fifth.forum,available,58,12%,5,Mathematics,,,
ache.forum,available,58,7%,4,Healthcare,,,
linear.forum,available,58,22%,6,"Engineering,Mathematics,Science",,,
niner.forum,available,58,5%,5,Mathematics,,,
centesimal.forum,available,58,1%,10,Mathematics,,,
enwrapped.forum,available,58,0%,9,"Entertainment,Fashion,Media",,,
heptad.forum,available,58,2%,6,Mathematics,,,
lxxviii.forum,available,58,1%,7,Mathematics,,,
acyclic.forum,available,58,4%,7,"Engineering,Mathematics,Science",,,
actuarial.forum,available,58,8%,9,"Finance,Insurance,Mathematics",,,
fourth.forum,available,58,13%,6,Mathematics,,,
lxxx.forum,available,58,2%,4,Mathematics,,,
addressed.forum,available,58,3%,9,"Business,Technology,Telecommunications",,,
abandoned.forum,available,58,10%,9,"Construction,Real Estate",,,
adhoc.forum,available,58,24%,6,"Business,Engineering,Technology",,,
fourscore.forum,available,58,4%,9,Mathematics,,,
tetrad.forum,available,58,5%,6,Mathematics,,,
seven.forum,available,58,35%,5,Mathematics,,,
seventy.forum,available,58,7%,7,Mathematics,,,
twelfth.forum,available,58,2%,7,Mathematics,,,
quintet.forum,available,58,8%,7,"Arts,Entertainment",,,
abridged.forum,available,58,4%,8,Media,,,
aucourant.forum,available,58,3%,10,"Fashion,Media",,,
offhanded.forum,available,58,1%,9,Entertainment,,,
abuzz.forum,available,58,5%,5,"Entertainment,Media,Technology",,,
octad.forum,available,58,5%,5,Mathematics,,,
adjustive.forum,available,58,1%,9,"Manufacturing,Retail,Technology",,,
super.forum,available,58,47%,5,Business,,,
accented.forum,available,58,3%,8,"Arts,Entertainment",,,
cypher.forum,available,58,28%,6,Mathematics,,,
sixer.forum,available,58,5%,5,Sports,,,
eighter.forum,available,58,2%,7,Mathematics,,,
adient.forum,available,58,4%,6,"Medicine,Science",,,
sextuplet.forum,available,58,1%,9,Healthcare,,,
hexad.forum,available,58,5%,5,Mathematics,,,
alacarte.forum,available,58,11%,10,Food and Beverage,,,
xxxvii.forum,available,56,2%,6,Mathematics,,,
xxxvi.forum,available,56,1%,5,Mathematics,,,
xliv.forum,available,56,3%,4,Mathematics,,,
xliii.forum,available,56,1%,5,Mathematics,,,
fortyone.forum,available,56,5%,9,Mathematics,,,
admittible.forum,available,56,1%,10,"Education,Healthcare,Hospitality",,,
appressed.forum,available,56,0%,9,"Agriculture,Manufacturing,Retail",,,
xxxiv.forum,available,56,1%,5,Mathematics,,,
triad.forum,available,56,15%,5,Arts,,,
fiftyfour.forum,available,56,4%,10,Mathematics,,,
xlvii.forum,available,56,2%,5,Mathematics,,,
terzetto.forum,available,56,3%,8,Arts,,,
abdominous.forum,available,56,0%,10,"Health and Fitness,Medicine",,,
xxiii.forum,available,56,4%,5,Mathematics,,,
fortynine.forum,available,56,3%,10,Mathematics,,,
xxxi.forum,available,56,8%,4,Mathematics,,,
xxxv.forum,available,56,4%,4,Mathematics,,,
xxiv.forum,available,56,5%,4,Mathematics,,,
abeyant.forum,available,56,1%,7,"Business,Law",,,
xxxiii.forum,available,56,2%,6,Mathematics,,,
fiftyone.forum,available,56,8%,9,Mathematics,,,
xlvi.forum,available,56,3%,4,Mathematics,,,
fiftynine.forum,available,56,4%,10,Mathematics,,,
lvii.forum,available,56,2%,4,Mathematics,,,
xxxviii.forum,available,56,1%,7,Mathematics,,,
xxix.forum,available,56,4%,4,Mathematics,,,
ilx.forum,available,56,6%,3,Mathematics,,,
lviii.forum,available,56,1%,5,Mathematics,,,
lvi.forum,available,56,8%,3,Mathematics,,,
fiftyfive.forum,available,56,8%,10,Mathematics,,,
accoutered.forum,available,56,0%,10,"Fashion,Manufacturing,Retail",,,
liii.forum,available,56,4%,4,Mathematics,,,
xli.forum,available,56,5%,3,Mathematics,,,
halfdozen.forum,available,56,1%,10,Mathematics,,,
xlviii.forum,available,56,1%,6,Mathematics,,,
potbellied.forum,available,56,0%,10,"Health and Fitness,Medicine",,,
xxviii.forum,available,56,1%,6,Mathematics,,,
admittable.forum,available,56,1%,10,"Education,Healthcare,Hospitality",,,
thirtysix.forum,available,56,5%,10,Mathematics,,,
admissive.forum,available,56,1%,9,"Education,Healthcare,Hospitality",,,
aone.forum,available,56,15%,5,Food and Beverage,,,
fiftysix.forum,available,56,4%,9,Mathematics,,,
fortysix.forum,available,56,4%,9,Mathematics,,,
xlv.forum,available,56,6%,3,Mathematics,,,
maledict.forum,available,56,1%,8,Religion,,,
xxxii.forum,available,56,1%,5,Mathematics,,,
thirtyone.forum,available,56,4%,10,Mathematics,,,
fiftytwo.forum,available,56,6%,9,Mathematics,,,
xlii.forum,available,56,5%,4,Mathematics,,,
lii.forum,available,56,7%,3,Mathematics,,,
fortytwo.forum,available,56,17%,9,Mathematics,,,
addled.forum,available,56,2%,6,Entertainment,,,
xxvii.forum,available,56,3%,5,Mathematics,,,
thirtytwo.forum,available,56,4%,10,Mathematics,,,
accentual.forum,available,54,3%,9,"Arts,Entertainment",,,
abasic.forum,available,54,1%,6,Science,,,
actuated.forum,available,54,2%,8,"Automotive,Manufacturing,Technology",,,
accursed.forum,available,54,3%,8,"Entertainment,Media,Religion",,,
acoustical.forum,available,54,4%,10,Science,,,
scratchy.forum,available,54,3%,8,Fashion,,,
abient.forum,available,54,1%,6,Science,,,
quaternion.forum,available,54,6%,10,Mathematics,,,
abaxial.forum,available,54,1%,7,Science,,,
threescore.forum,available,54,2%,10,Mathematics,,,
topnotch.forum,available,54,18%,8,Business,,,
unnatural.forum,available,54,4%,9,"Medicine,Science",,,
adductive.forum,available,54,0%,9,"Engineering,Mathematics,Science",,,
viii.forum,available,54,6%,4,Mathematics,,,
ternion.forum,available,54,3%,7,Mathematics,,,
admonitory.forum,available,54,0%,10,"Business,Education,Healthcare",,,
monitory.forum,available,54,3%,8,"Business,Education,Healthcare",,,
abatic.forum,available,54,1%,6,Science,,,
adpressed.forum,available,54,0%,9,"Agriculture,Manufacturing,Retail",,,
adjuratory.forum,available,54,0%,10,"Law,Politics,Religion",,,
abducens.forum,available,54,1%,8,Medicine,,,
adaxial.forum,available,54,2%,7,Science,,,
deuceace.forum,available,54,1%,9,Sports,,,
fortyfive.forum,available,54,5%,10,Mathematics,,,
quintuplet.forum,available,54,1%,10,"Healthcare,Medicine,Science",,,
abatable.forum,available,54,1%,8,Law,,,
adducting.forum,available,54,1%,9,"Engineering,Mathematics,Science",,,
aboral.forum,available,54,2%,6,Science,,,
deserted.forum,available,54,3%,8,"Hospitality,Real Estate",,,
abhorrent.forum,available,54,1%,9,Humanities,,,
quatern.forum,available,54,2%,7,Mathematics,,,
achromatic.forum,available,54,4%,10,Science,,,
adducent.forum,available,54,1%,8,"Engineering,Mathematics,Science",,,
vii.forum,available,54,13%,3,Mathematics,,,
fin.forum,available,54,30%,3,Finance,,,
achy.forum,available,54,3%,4,Healthcare,,,
quaternity.forum,available,54,4%,10,Mathematics,,,
quadruplet.forum,available,54,1%,10,"Healthcare,Medicine,Science",,,
sise.forum,available,54,5%,4,Mathematics,,,
twoscore.forum,available,54,2%,8,Mathematics,,,
iii.forum,available,54,24%,3,Mathematics,,,
xxx.forum,available,53,30%,3,"Arts,Entertainment,Media",,,
sestet.forum,available,53,1%,6,Arts,,,
septet.forum,available,53,1%,6,General,,,
repulsive.forum,available,52,1%,9,Humanities,,,
lxv.forum,available,52,5%,3,Mathematics,,,
lxviii.forum,available,52,2%,6,Mathematics,,,
chagrined.forum,available,52,1%,9,Humanities,,,
lxvii.forum,available,52,1%,5,Mathematics,,,
ixl.forum,available,52,9%,3,Mathematics,,,
xcviii.forum,available,52,1%,6,Mathematics,,,
lxxxv.forum,available,52,1%,5,Mathematics,,,
lxiv.forum,available,52,3%,4,Mathematics,,,
xci.forum,available,52,4%,3,Mathematics,,,
xcvi.forum,available,52,2%,4,Mathematics,,,
littlejoe.forum,available,52,2%,10,"Entertainment,Media",,,
ninetyone.forum,available,52,5%,10,Mathematics,,,
ninetysix.forum,available,52,4%,10,Mathematics,,,
ninetytwo.forum,available,52,4%,10,Mathematics,,,
lxxvii.forum,available,52,2%,6,Mathematics,,,
lxvi.forum,available,52,3%,4,Mathematics,,,
eightytwo.forum,available,52,4%,10,Mathematics,,,
sixtyfive.forum,available,52,3%,10,Mathematics,,,
sixtyfour.forum,available,52,4%,10,Mathematics,,,
xcvii.forum,available,52,1%,5,Mathematics,,,
lxxxii.forum,available,52,1%,6,Mathematics,,,
xciii.forum,available,52,1%,5,Mathematics,,,
tierce.forum,available,52,3%,6,General,,,
abysmal.forum,available,52,4%,7,"Arts,Entertainment,Media",,,
lxxxvii.forum,available,52,1%,7,Mathematics,,,
aboulic.forum,available,52,1%,7,Medicine,,,
lxi.forum,available,52,5%,3,Mathematics,,,
xcii.forum,available,52,2%,4,Mathematics,,,
lxxvi.forum,available,52,1%,5,Mathematics,,,
uphill.forum,available,52,7%,6,"Sports,Transportation,Travel",,,
lxxv.forum,available,52,2%,4,Mathematics,,,
eightyone.forum,available,52,3%,10,Mathematics,,,
sixtytwo.forum,available,52,3%,9,Mathematics,,,
lxxiii.forum,available,52,2%,6,Mathematics,,,
ablated.forum,available,52,1%,7,Science,,,
odious.forum,available,52,2%,6,"Entertainment,Humanities",,,
decumbent.forum,available,52,1%,9,"Healthcare,Medicine,Science",,,
sixtysix.forum,available,52,5%,9,Mathematics,,,
xciv.forum,available,52,2%,4,Mathematics,,,
lxxxvi.forum,available,52,1%,6,Mathematics,,,
lxxxiii.forum,available,52,1%,7,Mathematics,,,
abstruse.forum,available,52,5%,8,"Humanities,Mathematics,Science",,,
lxii.forum,available,52,2%,4,Mathematics,,,
xcv.forum,available,52,7%,3,Mathematics,,,
lxxxiv.forum,available,52,1%,6,Mathematics,,,
lxiii.forum,available,52,2%,5,Mathematics,,,
adenoidal.forum,available,52,1%,9,"Health and Fitness,Medicine,Science",,,
lxxxi.forum,available,52,1%,5,Mathematics,,,
lxxi.forum,available,52,2%,4,Mathematics,,,
repugnant.forum,available,52,1%,9,Humanities,,,
lxxiv.forum,available,52,1%,5,Mathematics,,,
ixc.forum,available,52,5%,3,Mathematics,,,
abominable.forum,available,52,2%,10,"Entertainment,Humanities",,,
detestable.forum,available,52,1%,10,Humanities,,,
lxxii.forum,available,52,1%,5,Mathematics,,,
abusive.forum,available,52,3%,7,"Healthcare,Law",,,
acerose.forum,available,50,1%,7,Science,,,
abactinal.forum,available,50,0%,9,Science,,,
abbatial.forum,available,50,0%,8,Religion,,,
acetose.forum,available,50,1%,7,Science,,,
abdicable.forum,available,50,0%,9,Law,,,
acaudal.forum,available,50,1%,7,"Agriculture,Science",,,
acellular.forum,available,50,1%,9,Science,,,
adhominem.forum,available,50,2%,10,"Humanities,Law,Politics",,,
adactylous.forum,available,50,0%,10,Science,,,
acquitted.forum,available,50,1%,9,Law,,,
triplet.forum,available,50,8%,7,Science,,,
abranchial.forum,available,50,0%,10,Science,,,
acerb.forum,available,50,2%,5,Science,,,
needlelike.forum,available,50,0%,10,"Engineering,Medicine,Science",,,
spinous.forum,available,50,1%,7,"Agriculture,Science",,,
aculeated.forum,available,50,0%,9,"Engineering,Medicine,Science",,,
acerbic.forum,available,50,2%,7,"Arts,Humanities,Media",,,
abducting.forum,available,50,0%,9,Medicine,,,
abomasal.forum,available,50,0%,8,Agriculture,,,
aborticide.forum,available,50,0%,10,Medicine,,,
vinegary.forum,available,50,1%,8,Food and Beverage,,,
ogdoad.forum,available,50,1%,6,Mathematics,,,
trine.forum,available,50,11%,5,"General,Religion",,,
broached.forum,available,50,0%,8,Food and Beverage,,,
quint.forum,available,50,13%,5,"Arts,Entertainment",,,
lxx.forum,available,50,5%,3,Mathematics,,,
gillless.forum,available,50,0%,9,Science,,,
cinque.forum,available,50,7%,6,Mathematics,,,
acapnic.forum,available,50,0%,7,"Healthcare,Medicine,Science",,,
acapnotic.forum,available,50,0%,9,"Healthcare,Medicine,Science",,,
acetous.forum,available,50,1%,7,Science,,,
scummy.forum,available,50,1%,6,Humanities,,,
notguilty.forum,available,48,5%,10,Law,,,
lxxxviii.forum,available,48,1%,8,Mathematics,,,
apriori.forum,available,48,13%,8,Mathematics,,,
ilxx.forum,available,48,1%,4,Mathematics,,,
ilxxx.forum,available,48,1%,5,Mathematics,,,
abstracted.forum,available,48,5%,10,"Arts,Humanities,Science",,,
execrable.forum,available,48,0%,9,"Entertainment,Humanities",,,
stemless.forum,available,46,2%,8,"Agriculture,Science",,,
acarpelous.forum,available,46,0%,10,"Agriculture,Science",,,
acephalous.forum,available,46,1%,10,Science,,,
acicular.forum,available,46,2%,8,Science,,,
achenial.forum,available,46,1%,8,Science,,,
achromous.forum,available,46,1%,9,Science,,,
acheronian.forum,available,46,1%,10,Humanities,,,
acanthoid.forum,available,46,1%,9,"Agriculture,Science",,,
acapnial.forum,available,46,0%,8,"Healthcare,Medicine,Science",,,
acetabular.forum,available,46,1%,10,Science,,,
acetonic.forum,available,46,1%,8,Science,,,
achromic.forum,available,46,2%,8,Science,,,
vinegarish.forum,available,46,1%,10,Food and Beverage,,,
theabsurd.forum,available,46,1%,10,"Arts,Entertainment,Media",,,
acaudate.forum,available,46,1%,8,"Agriculture,Science",,,
acetylenic.forum,available,46,1%,10,Science,,,
quaternary.forum,available,46,3%,10,Mathematics,,,
acanthotic.forum,available,46,0%,10,"Agriculture,Science",,,
acarpous.forum,available,46,0%,8,"Agriculture,Science",,,
acanthous.forum,available,46,0%,9,"Agriculture,Science",,,
cotyloid.forum,available,46,1%,8,Science,,,
acetylic.forum,available,46,1%,8,Science,,,
stripling.forum,available,46,2%,9,"Education,Entertainment,Healthcare",,,
cotyloidal.forum,available,44,1%,10,Science,,,
acherontic.forum,available,44,1%,10,Humanities,,,
accusatory.forum,available,44,1%,10,Law,,,
abscessed.forum,available,41,0%,9,Healthcare,,,
phoebe.forum,available,41,14%,6,Science,,,
accusive.forum,available,40,1%,8,Law,,,
accurst.forum,available,40,1%,7,Religion,,,
scurrilous.forum,available,40,1%,10,"Entertainment,Media,Politics",,,